[
  {
    "name": "嘉禾一品（温都水城）",
    "address": "北京市昌平区宏福苑温都水城F1",
    "id": 1,
    "latitude": 40.10039,
    "longitude": 116.36868,
    "location": [
      116.36868,
      40.10039
    ],
    "phone": "13437850035",
    "category": "快餐便当/简餐",
    "supports": [
      {
        "description": "已加入“外卖保”计划，食品安全有保障",
        "icon_color": "999999",
        "icon_name": "保",
        "id": 7,
        "name": "外卖保",
        "_id": "5a5859a19c2bc57d52df30b3"
      },
      {
        "description": "准时必达，超时秒赔",
        "icon_color": "57A9FF",
        "icon_name": "准",
        "id": 9,
        "name": "准时达",
        "_id": "5a5859a19c2bc57d52df30b2"
      },
      {
        "description": "该商家支持开发票，请在下单时填写好发票抬头",
        "icon_color": "999999",
        "icon_name": "票",
        "id": 4,
        "name": "开发票",
        "_id": "5a5859a19c2bc57d52df30b1"
      }
    ],
    "status": 1,
    "recent_order_num": 106,
    "rating_count": 961,
    "rating": 4.7,
    "promotion_info": "欢迎光临，用餐高峰请提前下单，谢谢",
    "piecewise_agent_fee": {
      "tips": "配送费约¥5"
    },
    "opening_hours": [
      "8:30/20:30"
    ],
    "license": {
      "catering_service_license_image": "160e91e17fa2164.png",
      "business_license_image": "160e91e0a9f2163.png"
    },
    "is_new": true,
    "is_premium": true,
    "image_path": "5ad43506601c6.jpg",
    "identification": {
      "registered_number": "",
      "registered_address": "",
      "operation_period": "",
      "licenses_scope": "",
      "licenses_number": "",
      "licenses_date": "",
      "legal_person": "",
      "identificate_date": null,
      "identificate_agency": "",
      "company_name": ""
    },
    "float_minimum_order_amount": 20,
    "float_delivery_fee": 5,
    "distance": "2120.1公里",
    "order_lead_time": "31小时24分钟",
    "description": "sad",
    "delivery_mode": {
      "color": "57A9FF",
      "id": 1,
      "is_solid": true,
      "text": "硅谷专送"
    },
    "activities": [],
    "__v": 0
  },
  {
    "name": "闪电哥哥ghj慰问费22",
    "address": "河南省郑州市蜀山区南二环路天鹅湖万达广场8号楼1705室",
    "id": 479,
    "latitude": 31.81948,
    "longitude": 117.22124,
    "location": [
      93.50611,
      42.84974
    ],
    "phone": "122343adsa",
    "category": "异国料理",
    "supports": [
      {
        "description": "已加入“外卖保”计划，食品安全有保障",
        "icon_color": "999999",
        "icon_name": "保",
        "id": 7,
        "name": "外卖保",
        "_id": "5a66f45c76d92175ac4464dd"
      },
      {
        "description": "准时必达，超时秒赔",
        "icon_color": "57A9FF",
        "icon_name": "准",
        "id": 9,
        "name": "准时达",
        "_id": "5a66f45c76d92175ac4464dc"
      },
      {
        "description": "该商家支持开发票，请在下单时填写好发票抬头",
        "icon_color": "999999",
        "icon_name": "票",
        "id": 4,
        "name": "开发票",
        "_id": "5a66f45c76d92175ac4464db"
      }
    ],
    "status": 1,
    "recent_order_num": 755,
    "rating_count": 167,
    "rating": 4.2,
    "promotion_info": "欢迎光临，用餐高峰请提前下单，谢谢",
    "piecewise_agent_fee": {
      "tips": "配送费约¥5"
    },
    "opening_hours": [
      "8:30/20:30"
    ],
    "license": {
      "catering_service_license_image": "",
      "business_license_image": ""
    },
    "is_new": true,
    "is_premium": true,
    "image_path": "5de600aa3e05d.jpg",
    "identification": {
      "registered_number": "",
      "registered_address": "",
      "operation_period": "",
      "licenses_scope": "",
      "licenses_number": "",
      "licenses_date": "",
      "legal_person": "",
      "identificate_date": null,
      "identificate_agency": "",
      "company_name": ""
    },
    "float_minimum_order_amount": 20,
    "float_delivery_fee": 5,
    "distance": "1010.3公里",
    "order_lead_time": "21小时7分钟",
    "description": "描述性内容1",
    "delivery_mode": {
      "color": "57A9FF",
      "id": 1,
      "is_solid": true,
      "text": "硅谷专送"
    },
    "activities": [
      {
        "icon_name": "减",
        "name": "满减优惠",
        "description": "满30减5，满60减8",
        "icon_color": "f07373",
        "id": 1,
        "_id": "5a66f45c76d92175ac4464de"
      }
    ],
    "__v": 0
  },
  {
    "name": "苏州嘻哈包袱铺",
    "address": "江苏省苏州市吴中区吴东路中文基广场(姜家桥公交站南)",
    "id": 485,
    "latitude": 31.26578,
    "longitude": 120.65355,
    "location": [
      120.65355,
      31.26578
    ],
    "phone": "12345678901",
    "category": "商店超市/名酒坊",
    "supports": [
      {
        "description": "已加入“外卖保”计划，食品安全有保障",
        "icon_color": "999999",
        "icon_name": "保",
        "id": 7,
        "name": "外卖保",
        "_id": "5a6830b41d632b05464db9d1"
      },
      {
        "description": "准时必达，超时秒赔",
        "icon_color": "57A9FF",
        "icon_name": "准",
        "id": 9,
        "name": "准时达",
        "_id": "5a6830b41d632b05464db9d0"
      },
      {
        "description": "该商家支持开发票，请在下单时填写好发票抬头",
        "icon_color": "999999",
        "icon_name": "票",
        "id": 4,
        "name": "开发票",
        "_id": "5a6830b41d632b05464db9cf"
      }
    ],
    "status": 1,
    "recent_order_num": 58,
    "rating_count": 576,
    "rating": 4.6,
    "promotion_info": "欢迎光临，用餐高峰请提前下单，谢谢",
    "piecewise_agent_fee": {
      "tips": "配送费约¥5"
    },
    "opening_hours": [
      "8:30/20:30"
    ],
    "license": {
      "catering_service_license_image": "16126fe59b83261.jpg",
      "business_license_image": "16126fe55013260.jpg"
    },
    "is_new": true,
    "is_premium": true,
    "image_path": "5cdd13295b2ff.jpg",
    "identification": {
      "registered_number": "",
      "registered_address": "",
      "operation_period": "",
      "licenses_scope": "",
      "licenses_number": "",
      "licenses_date": "",
      "legal_person": "",
      "identificate_date": null,
      "identificate_agency": "",
      "company_name": ""
    },
    "float_minimum_order_amount": 20,
    "float_delivery_fee": 5,
    "distance": "1167.4公里",
    "order_lead_time": "19小时1分钟",
    "description": "",
    "delivery_mode": {
      "color": "57A9FF",
      "id": 1,
      "is_solid": true,
      "text": "硅谷专送"
    },
    "activities": [
      {
        "icon_name": "减",
        "name": "满减优惠",
        "description": "满30减5，满60减8",
        "icon_color": "f07373",
        "id": 1,
        "_id": "5a6830b41d632b05464db9d2"
      }
    ],
    "__v": 0
  },
  {
    "name": "大树旗舰店2112",
    "address": "广东省广州市天河区东圃镇汇彩路38号1领汇创展商务中心401",
    "id": 486,
    "latitude": 23.1127,
    "longitude": 113.41724,
    "location": [
      113.41724,
      23.1127
    ],
    "phone": "13544323775",
    "category": "快餐便当",
    "supports": [
      {
        "description": "已加入“外卖保”计划，食品安全有保障",
        "icon_color": "999999",
        "icon_name": "保",
        "id": 7,
        "name": "外卖保",
        "_id": "5a6863641d632b05464dbaea"
      },
      {
        "description": "准时必达，超时秒赔",
        "icon_color": "57A9FF",
        "icon_name": "准",
        "id": 9,
        "name": "准时达",
        "_id": "5a6863641d632b05464dbae9"
      },
      {
        "description": "该商家支持开发票，请在下单时填写好发票抬头",
        "icon_color": "999999",
        "icon_name": "票",
        "id": 4,
        "name": "开发票",
        "_id": "5a6863641d632b05464dbae8"
      }
    ],
    "status": 1,
    "recent_order_num": 542,
    "rating_count": 372,
    "rating": 4.2,
    "promotion_info": "大树旗舰店标语",
    "piecewise_agent_fee": {
      "tips": "配送费约¥5"
    },
    "opening_hours": [
      "09:00/21:30"
    ],
    "license": {
      "catering_service_license_image": "16127c429983306.jpg",
      "business_license_image": "16127c423ae3305.jpg"
    },
    "is_new": true,
    "is_premium": true,
    "image_path": "5b5ebaad29292.jpg",
    "identification": {
      "registered_number": "",
      "registered_address": "",
      "operation_period": "",
      "licenses_scope": "",
      "licenses_number": "",
      "licenses_date": "",
      "legal_person": "",
      "identificate_date": null,
      "identificate_agency": "",
      "company_name": ""
    },
    "float_minimum_order_amount": 20,
    "float_delivery_fee": 5,
    "distance": "2128.8公里",
    "order_lead_time": "32小时14分钟",
    "description": "大树旗舰店大树旗舰店大树旗舰店简介",
    "delivery_mode": {
      "color": "57A9FF",
      "id": 1,
      "is_solid": true,
      "text": "硅谷专送"
    },
    "activities": [
      {
        "icon_name": "减",
        "name": "满减优惠",
        "description": "满30减5，满60减8",
        "icon_color": "f07373",
        "id": 1,
        "_id": "5a6863641d632b05464dbaeb"
      }
    ],
    "__v": 0
  },
  {
    "name": "广州酒家",
    "address": "广东省广州市荔湾区上下九商业步行街内",
    "id": 487,
    "latitude": 23.11488,
    "longitude": 113.24826,
    "location": [
      113.24826,
      23.11488
    ],
    "phone": "750",
    "category": "果蔬生鲜/海鲜水产",
    "supports": [
      {
        "description": "已加入“外卖保”计划，食品安全有保障",
        "icon_color": "999999",
        "icon_name": "保",
        "id": 7,
        "name": "外卖保",
        "_id": "5a687a781d632b05464dbb35"
      },
      {
        "description": "准时必达，超时秒赔",
        "icon_color": "57A9FF",
        "icon_name": "准",
        "id": 9,
        "name": "准时达",
        "_id": "5a687a781d632b05464dbb34"
      },
      {
        "description": "该商家支持开发票，请在下单时填写好发票抬头",
        "icon_color": "999999",
        "icon_name": "票",
        "id": 4,
        "name": "开发票",
        "_id": "5a687a781d632b05464dbb33"
      }
    ],
    "status": 0,
    "recent_order_num": 923,
    "rating_count": 871,
    "rating": 4.2,
    "promotion_info": "广州第一家",
    "piecewise_agent_fee": {
      "tips": "配送费约¥5"
    },
    "opening_hours": [
      "8:30/20:30"
    ],
    "license": {
      "catering_service_license_image": "161281e6ef33314.png",
      "business_license_image": "161281e4a723313.jpg"
    },
    "is_new": true,
    "is_premium": true,
    "image_path": "5cb9893a6b453.jpg",
    "identification": {
      "registered_number": "",
      "registered_address": "",
      "operation_period": "",
      "licenses_scope": "",
      "licenses_number": "",
      "licenses_date": "",
      "legal_person": "",
      "identificate_date": null,
      "identificate_agency": "",
      "company_name": ""
    },
    "float_minimum_order_amount": 20,
    "float_delivery_fee": 5,
    "distance": "2123公里",
    "order_lead_time": "31小时26分钟",
    "description": "喝早茶好去处",
    "delivery_mode": {
      "color": "57A9FF",
      "id": 1,
      "is_solid": true,
      "text": "硅谷专送"
    },
    "activities": [
      {
        "icon_name": "减",
        "name": "满减优惠",
        "description": "满30减5，满60减8",
        "icon_color": "f07373",
        "id": 1,
        "_id": "5a687a781d632b05464dbb36"
      }
    ],
    "__v": 0
  },
  {
    "name": "闪电老司机",
    "address": "广东省广州市越秀区德政中路171",
    "id": 488,
    "latitude": 23.12092,
    "longitude": 113.27521,
    "location": [
      113.27521,
      23.12092
    ],
    "phone": "2",
    "category": "果蔬生鲜",
    "supports": [
      {
        "description": "已加入“外卖保”计划，食品安全有保障",
        "icon_color": "999999",
        "icon_name": "保",
        "id": 7,
        "name": "外卖保",
        "_id": "5a687c8d1d632b05464dbb60"
      },
      {
        "description": "准时必达，超时秒赔",
        "icon_color": "57A9FF",
        "icon_name": "准",
        "id": 9,
        "name": "准时达",
        "_id": "5a687c8d1d632b05464dbb5f"
      },
      {
        "description": "该商家支持开发票，请在下单时填写好发票抬头",
        "icon_color": "999999",
        "icon_name": "票",
        "id": 4,
        "name": "开发票",
        "_id": "5a687c8d1d632b05464dbb5e"
      }
    ],
    "status": 1,
    "recent_order_num": 483,
    "rating_count": 273,
    "rating": 4.2,
    "promotion_info": "4",
    "piecewise_agent_fee": {
      "tips": "配送费约¥5"
    },
    "opening_hours": [
      "8:30/20:30"
    ],
    "license": {
      "catering_service_license_image": "",
      "business_license_image": ""
    },
    "is_new": true,
    "is_premium": true,
    "image_path": "5e4cfbd2daab7.jpg",
    "identification": {
      "registered_number": "",
      "registered_address": "",
      "operation_period": "",
      "licenses_scope": "",
      "licenses_number": "",
      "licenses_date": "",
      "legal_person": "",
      "identificate_date": null,
      "identificate_agency": "",
      "company_name": ""
    },
    "float_minimum_order_amount": 20,
    "float_delivery_fee": 5,
    "distance": "2121.6公里",
    "order_lead_time": "31小时26分钟",
    "description": "3",
    "delivery_mode": {
      "color": "57A9FF",
      "id": 1,
      "is_solid": true,
      "text": "硅谷专送"
    },
    "activities": [
      {
        "icon_name": "减",
        "name": "满减优惠",
        "description": "满30减5，满60减8",
        "icon_color": "f07373",
        "id": 1,
        "_id": "5a687c8d1d632b05464dbb61"
      }
    ],
    "__v": 0
  },
  {
    "name": "123",
    "address": "辽宁省大连市金州区 ",
    "id": 491,
    "latitude": 39.17791,
    "longitude": 122.05169,
    "location": [
      122.05169,
      39.17791
    ],
    "phone": "12345678",
    "category": "快餐便当/包子粥店",
    "supports": [
      {
        "description": "已加入“外卖保”计划，食品安全有保障",
        "icon_color": "999999",
        "icon_name": "保",
        "id": 7,
        "name": "外卖保",
        "_id": "5a696b071d632b05464dbd31"
      },
      {
        "description": "准时必达，超时秒赔",
        "icon_color": "57A9FF",
        "icon_name": "准",
        "id": 9,
        "name": "准时达",
        "_id": "5a696b071d632b05464dbd30"
      },
      {
        "description": "该商家支持开发票，请在下单时填写好发票抬头",
        "icon_color": "999999",
        "icon_name": "票",
        "id": 4,
        "name": "开发票",
        "_id": "5a696b071d632b05464dbd2f"
      }
    ],
    "status": 1,
    "recent_order_num": 49,
    "rating_count": 447,
    "rating": 4.7,
    "promotion_info": "欢迎光临，用餐高峰请提前下单，谢谢",
    "piecewise_agent_fee": {
      "tips": "配送费约¥5"
    },
    "opening_hours": [
      "8:30/20:30"
    ],
    "license": {
      "catering_service_license_image": "",
      "business_license_image": ""
    },
    "is_new": true,
    "is_premium": true,
    "image_path": "5ad828327db72.jpg",
    "identification": {
      "registered_number": "",
      "registered_address": "",
      "operation_period": "",
      "licenses_scope": "",
      "licenses_number": "",
      "licenses_date": "",
      "legal_person": "",
      "identificate_date": null,
      "identificate_agency": "",
      "company_name": ""
    },
    "float_minimum_order_amount": 20,
    "float_delivery_fee": 5,
    "distance": "797.7公里",
    "order_lead_time": "15小时48分钟",
    "description": "",
    "delivery_mode": {
      "color": "57A9FF",
      "id": 1,
      "is_solid": true,
      "text": "硅谷专送"
    },
    "activities": [
      {
        "icon_name": "减",
        "name": "满减优惠",
        "description": "满30减5，满60减8",
        "icon_color": "f07373",
        "id": 1,
        "_id": "5a696b071d632b05464dbd32"
      }
    ],
    "__v": 0
  },
  {
    "name": "川菜馆111111111",
    "address": "广东省深圳市宝安区留仙二路59",
    "id": 496,
    "latitude": 22.58295,
    "longitude": 113.91455,
    "location": [
      113.91455,
      22.58295
    ],
    "phone": "133333",
    "category": "快餐便当/简餐",
    "supports": [
      {
        "description": "已加入“外卖保”计划，食品安全有保障",
        "icon_color": "999999",
        "icon_name": "保",
        "id": 7,
        "name": "外卖保",
        "_id": "5a69880a1d632b05464dbe66"
      },
      {
        "description": "准时必达，超时秒赔",
        "icon_color": "57A9FF",
        "icon_name": "准",
        "id": 9,
        "name": "准时达",
        "_id": "5a69880a1d632b05464dbe65"
      }
    ],
    "status": 0,
    "recent_order_num": 68,
    "rating_count": 919,
    "rating": 4.1,
    "promotion_info": "情侣吃饭，免茶位费",
    "piecewise_agent_fee": {
      "tips": "配送费约¥5"
    },
    "opening_hours": [
      "10:00/23:00"
    ],
    "license": {
      "catering_service_license_image": "",
      "business_license_image": ""
    },
    "is_new": true,
    "is_premium": true,
    "image_path": "5e562762b5b4c.jpg",
    "identification": {
      "registered_number": "",
      "registered_address": "",
      "operation_period": "",
      "licenses_scope": "",
      "licenses_number": "",
      "licenses_date": "",
      "legal_person": "",
      "identificate_date": null,
      "identificate_agency": "",
      "company_name": ""
    },
    "float_minimum_order_amount": 50,
    "float_delivery_fee": 5,
    "distance": "2167.4公里",
    "order_lead_time": "35小时3分钟",
    "description": "正宗川菜",
    "delivery_mode": {
      "color": "57A9FF",
      "id": 1,
      "is_solid": true,
      "text": "硅谷专送"
    },
    "activities": [
      {
        "icon_name": "减",
        "name": "满减优惠",
        "description": "满30减5，满60减8",
        "icon_color": "f07373",
        "id": 1,
        "_id": "5a69880a1d632b05464dbe68"
      },
      {
        "icon_name": "特",
        "name": "优惠大酬宾",
        "description": "情侣吃饭，免茶位费",
        "icon_color": "EDC123",
        "id": 2,
        "_id": "5a69880a1d632b05464dbe67"
      }
    ],
    "__v": 0
  },
  {
    "name": "1313",
    "address": "北京市通州区潞苑南大街运通花园1313号楼",
    "id": 499,
    "latitude": 39.9256,
    "longitude": 116.6773,
    "location": [
      116.6773,
      39.9256
    ],
    "phone": "13641266693",
    "category": "快餐便当/简餐",
    "supports": [
      {
        "description": "已加入“外卖保”计划，食品安全有保障",
        "icon_color": "999999",
        "icon_name": "保",
        "id": 7,
        "name": "外卖保",
        "_id": "5a6acb3e1d632b05464dc4a0"
      },
      {
        "description": "准时必达，超时秒赔",
        "icon_color": "57A9FF",
        "icon_name": "准",
        "id": 9,
        "name": "准时达",
        "_id": "5a6acb3e1d632b05464dc49f"
      },
      {
        "description": "该商家支持开发票，请在下单时填写好发票抬头",
        "icon_color": "999999",
        "icon_name": "票",
        "id": 4,
        "name": "开发票",
        "_id": "5a6acb3e1d632b05464dc49e"
      }
    ],
    "status": 0,
    "recent_order_num": 597,
    "rating_count": 593,
    "rating": 4.8,
    "promotion_info": "13213213",
    "piecewise_agent_fee": {
      "tips": "配送费约¥5"
    },
    "opening_hours": [
      "05:30/06:30"
    ],
    "license": {
      "catering_service_license_image": "1613129f6be3558.jpg",
      "business_license_image": "1613129ee4a3557.jpg"
    },
    "is_new": true,
    "is_premium": true,
    "image_path": "5cc15bdec1084.jpg",
    "identification": {
      "registered_number": "",
      "registered_address": "",
      "operation_period": "",
      "licenses_scope": "",
      "licenses_number": "",
      "licenses_date": "",
      "legal_person": "",
      "identificate_date": null,
      "identificate_agency": "",
      "company_name": ""
    },
    "float_minimum_order_amount": 20,
    "float_delivery_fee": 5,
    "distance": "42.1公里",
    "order_lead_time": "1小时47分钟",
    "description": "13131",
    "delivery_mode": {
      "color": "57A9FF",
      "id": 1,
      "is_solid": true,
      "text": "硅谷专送"
    },
    "activities": [
      {
        "icon_name": "减",
        "name": "满减优惠",
        "description": "满30减5，满60减8",
        "icon_color": "f07373",
        "id": 1,
        "_id": "5a6acb3e1d632b05464dc4a1"
      }
    ],
    "__v": 0
  },
  {
    "name": "618",
    "address": "北京市昌平区霍营",
    "id": 501,
    "latitude": 40.08277,
    "longitude": 116.36739,
    "location": [
      116.36739,
      40.08277
    ],
    "phone": "18232060789",
    "category": "快餐便当/简餐",
    "supports": [
      {
        "description": "已加入“外卖保”计划，食品安全有保障",
        "icon_color": "999999",
        "icon_name": "保",
        "id": 7,
        "name": "外卖保",
        "_id": "5a6acd3f1d632b05464dc541"
      },
      {
        "description": "准时必达，超时秒赔",
        "icon_color": "57A9FF",
        "icon_name": "准",
        "id": 9,
        "name": "准时达",
        "_id": "5a6acd3f1d632b05464dc540"
      },
      {
        "description": "该商家支持开发票，请在下单时填写好发票抬头",
        "icon_color": "999999",
        "icon_name": "票",
        "id": 4,
        "name": "开发票",
        "_id": "5a6acd3f1d632b05464dc53f"
      }
    ],
    "status": 1,
    "recent_order_num": 414,
    "rating_count": 96,
    "rating": 4.1,
    "promotion_info": "618插件网",
    "piecewise_agent_fee": {
      "tips": "配送费约¥5"
    },
    "opening_hours": [
      "06:00/11:30"
    ],
    "license": {
      "catering_service_license_image": "161313145043561.jpg",
      "business_license_image": "16131312b733560.jpg"
    },
    "is_new": true,
    "is_premium": true,
    "image_path": "5b1f61247fd1a.jpg",
    "identification": {
      "registered_number": "",
      "registered_address": "",
      "operation_period": "",
      "licenses_scope": "",
      "licenses_number": "",
      "licenses_date": "",
      "legal_person": "",
      "identificate_date": null,
      "identificate_agency": "",
      "company_name": ""
    },
    "float_minimum_order_amount": 20,
    "float_delivery_fee": 5,
    "distance": "2.6公里",
    "order_lead_time": "26分钟",
    "description": "618",
    "delivery_mode": {
      "color": "57A9FF",
      "id": 1,
      "is_solid": true,
      "text": "硅谷专送"
    },
    "activities": [
      {
        "icon_name": "减",
        "name": "满减优惠",
        "description": "满30减5，满60减8",
        "icon_color": "f07373",
        "id": 1,
        "_id": "5a6acd3f1d632b05464dc543"
      },
      {
        "icon_name": "减",
        "name": "满减优惠",
        "description": "1236655",
        "icon_color": "f07373",
        "id": 2,
        "_id": "5a6acd3f1d632b05464dc542"
      }
    ],
    "__v": 0
  },
  {
    "name": "618618",
    "address": "上海市静安区襄阳北路17号3层",
    "id": 502,
    "latitude": 31.22003,
    "longitude": 121.45476,
    "location": [
      121.45476,
      31.22003
    ],
    "phone": "618618",
    "category": "果蔬生鲜/水果",
    "supports": [
      {
        "description": "已加入“外卖保”计划，食品安全有保障",
        "icon_color": "999999",
        "icon_name": "保",
        "id": 7,
        "name": "外卖保",
        "_id": "5a6adb5a1d632b05464dc62a"
      },
      {
        "description": "准时必达，超时秒赔",
        "icon_color": "57A9FF",
        "icon_name": "准",
        "id": 9,
        "name": "准时达",
        "_id": "5a6adb5a1d632b05464dc629"
      },
      {
        "description": "该商家支持开发票，请在下单时填写好发票抬头",
        "icon_color": "999999",
        "icon_name": "票",
        "id": 4,
        "name": "开发票",
        "_id": "5a6adb5a1d632b05464dc628"
      }
    ],
    "status": 0,
    "recent_order_num": 957,
    "rating_count": 527,
    "rating": 4.7,
    "promotion_info": "618618",
    "piecewise_agent_fee": {
      "tips": "配送费约¥5"
    },
    "opening_hours": [
      "05:45/06:15"
    ],
    "license": {
      "catering_service_license_image": "1613168204c3572.jpg",
      "business_license_image": "161316806d63571.jpg"
    },
    "is_new": true,
    "is_premium": true,
    "image_path": "5b1a2986b5d95.jpg",
    "identification": {
      "registered_number": "",
      "registered_address": "",
      "operation_period": "",
      "licenses_scope": "",
      "licenses_number": "",
      "licenses_date": "",
      "legal_person": "",
      "identificate_date": null,
      "identificate_agency": "",
      "company_name": ""
    },
    "float_minimum_order_amount": 20,
    "float_delivery_fee": 5,
    "distance": "1195.5公里",
    "order_lead_time": "21小时4分钟",
    "description": "618618",
    "delivery_mode": {
      "color": "57A9FF",
      "id": 1,
      "is_solid": true,
      "text": "硅谷专送"
    },
    "activities": [
      {
        "icon_name": "减",
        "name": "满减优惠",
        "description": "满30减5，满60减8",
        "icon_color": "f07373",
        "id": 1,
        "_id": "5a6adb5a1d632b05464dc62b"
      }
    ],
    "__v": 0
  }
]